Date,Close,Volume
2022-02-21,4100.25,123456
2022-02-22,4085.90,135790
2022-02-23,4115.50,112233
2022-02-24,4050.15,159159
2022-02-25,4070.88,140404
2022-02-26,4080.30,119988
2022-02-27,4065.75,129292
2022-02-28,4095.10,145544
2022-03-01,4120.05,130303
2022-03-02,4145.99,148844
2022-03-03,4130.60,117711
2022-03-04,4155.20,133333
2022-03-05,4175.95,125522
2022-03-06,4190.10,149999
2022-03-07,4160.80,152255
2022-03-08,4185.55,138833
2022-03-09,4205.25,127722
2022-03-10,4220.70,141144
2022-03-11,4210.50,115511
2022-03-12,4235.90,136633
2022-03-13,4250.25,128822
2022-03-14,4270.80,150550
2022-03-15,4295.10,133133
2022-03-16,4310.65,119191
2022-03-17,4335.20,144444
2022-03-18,4355.75,131313
2022-03-19,4340.90,126262
2022-03-20,4365.15,147474
2022-03-21,4385.80,139933
2022-03-22,4400.20,118811
2022-03-23,4415.55,143434
2022-03-24,4430.95,124242
2022-03-25,4455.10,137733
2022-03-26,4470.85,149991
2022-03-27,4495.20,132232
2022-03-28,4510.60,116611
2022-03-29,4535.15,140404
2022-03-30,4555.88,128282
2022-03-31,4570.25,145454
2022-04-01,4590.90,130303
2022-04-02,4615.15,117711
2022-04-03,4630.50,142424
2022-04-04,4655.80,125252
2022-04-05,4670.25,138383
2022-04-06,4695.10,149494
2022-04-07,4715.75,133333
2022-04-08,4700.30,120202
2022-04-09,4725.90,146464
2022-04-10,4740.15,131131
2022-04-11,4765.88,148484
2022-04-12,4785.25,127272
2022-04-13,4800.60,141141
2022-04-14,4825.10,135353
2022-04-15,4845.85,150550
2022-04-16,4860.20,129292
2022-04-17,4885.50,144444
2022-04-18,4900.95,137373
2022-04-19,4925.15,116161
2022-04-20,4945.80,143434
2022-04-21,4960.25,128282
2022-04-22,4985.50,149494
2022-04-23,5000.10,133333
2022-04-24,5025.85,119191
2022-04-25,5040.20,140404
2022-04-26,5065.15,127722
2022-04-27,5085.80,148484
2022-04-28,5100.25,131313
2022-04-29,5125.90,152525
2022-04-30,5140.10,124242
2022-05-01,5165.85,138383
2022-05-02,5180.20,145454
2022-05-03,5205.55,129292
2022-05-04,5220.90,140404
2022-05-05,5245.10,133333
2022-05-06,5265.85,117711
2022-05-07,5280.20,142424
2022-05-08,5305.55,125252
2022-05-09,5320.90,138383
2022-05-10,5345.10,149494
2022-05-11,5365.85,133333
2022-05-12,5380.20,120202
2022-05-13,5405.55,146464
2022-05-14,5420.90,131131
2022-05-15,5445.10,148484
2022-05-16,5465.85,127272
2022-05-17,5480.20,141141
2022-05-18,5505.55,135353
2022-05-19,5520.90,150550
2022-05-20,5545.10,129292
2022-05-21,5565.85,144444
2022-05-22,5580.20,137373
2022-05-23,5605.55,116161
2022-05-24,5620.90,143434
2022-05-25,5645.10,128282
2022-05-26,5665.85,149494
2022-05-27,5680.20,133333
2022-05-28,5705.55,119191
2022-05-29,5720.90,140404
2022-05-30,5745.10,127722
2022-05-31,5765.85,148484
2022-06-01,5780.20,131313
2022-06-02,5805.55,152525
2022-06-03,5820.90,124242
2022-06-04,5845.10,138383
2022-06-05,5865.85,145454
2022-06-06,5880.20,129292
2022-06-07,5905.55,140404
2022-06-08,5920.90,133333
2022-06-09,5945.10,117711
2022-06-10,5965.85,142424
2022-06-11,5980.20,125252
2022-06-12,6005.55,138383
2022-06-13,6020.90,149494
2022-06-14,6045.10,133333
2022-06-15,6065.85,120202
2022-06-16,6080.20,146464
2022-06-17,6105.55,131131
2022-06-18,6120.90,148484
2022-06-19,6145.10,127272
2022-06-20,6165.85,141141
2022-06-21,6180.20,135353
2022-06-22,6205.55,150550
2022-06-23,6220.90,129292
2022-06-24,6245.10,144444
2022-06-25,6265.85,137373
2022-06-26,6280.20,116161
2022-06-27,6305.55,143434
2022-06-28,6320.90,128282
2022-06-29,6345.10,149494
2022-06-30,6365.85,133333
2022-07-01,6380.20,119191
2022-07-02,6405.55,140404
2022-07-03,6420.90,127722
2022-07-04,6445.10,148484
2022-07-05,6465.85,131313
2022-07-06,6480.20,152525
2022-07-07,6505.55,124242
2022-07-08,6520.90,138383
2022-07-09,6545.10,145454
2022-07-10,6565.85,129292
2022-07-11,6580.20,140404
2022-07-12,6605.55,133333
2022-07-13,6620.90,117711
2022-07-14,6645.10,142424
2022-07-15,6665.85,125252
2022-07-16,6680.20,138383
2022-07-17,6705.55,149494
2022-07-18,6720.90,133333
2022-07-19,6745.10,120202
2022-07-20,6765.85,146464
2022-07-21,6780.20,131131
2022-07-22,6805.55,148484
2022-07-23,6820.90,127272
2022-07-24,6845.10,141141
2022-07-25,6865.85,135353
2022-07-26,6880.20,150550
2022-07-27,6905.55,129292
2022-07-28,6920.90,144444
2022-07-29,6945.10,137373
2022-07-30,6965.85,116161
2022-07-31,6980.20,143434
2022-08-01,7005.55,128282
2022-08-02,7020.90,149494
2022-08-03,7045.10,133333
2022-08-04,7065.85,119191
2022-08-05,7080.20,140404
2022-08-06,7105.55,127722
2022-08-07,7120.90,148484
2022-08-08,7145.10,131313
2022-08-09,7165.85,152525
2022-08-10,7180.20,124242
2022-08-11,7205.55,138383
2022-08-12,7220.90,145454
2022-08-13,7245.10,129292
2022-08-14,7265.85,140404
2022-08-15,7280.20,133333
2022-08-16,7305.55,117711
2022-08-17,7320.90,142424
2022-08-18,7345.10,125252
2022-08-19,7365.85,138383
2022-08-20,7380.20,149494
2022-08-21,7405.55,133333
2022-08-22,7420.90,120202
2022-08-23,7445.10,146464
2022-08-24,7465.85,131131
2022-08-25,7480.20,148484
2022-08-26,7505.55,127272
2022-08-27,7520.90,141141
2022-08-28,7545.10,135353
2022-08-29,7565.85,150550
2022-08-30,7580.20,129292
2022-08-31,7605.55,144444
2022-09-01,7620.90,137373
2022-09-02,7645.10,116161
2022-09-03,7665.85,143434
2022-09-04,7680.20,128282
2022-09-05,7705.55,149494
2022-09-06,7720.90,133333
2022-09-07,7745.10,119191
2022-09-08,7765.85,140404
2022-09-09,7780.20,127722
2022-09-10,7805.55,148484
2022-09-11,7820.90,131313
2022-09-12,7845.10,152525
2022-09-13,7865.85,124242
2022-09-14,7880.20,138383
2022-09-15,7905.55,145454
2022-09-16,7920.90,129292
2022-09-17,7945.10,140404
2022-09-18,7965.85,133333
2022-09-19,7980.20,117711
2022-09-20,8005.55,142424
2022-09-21,8020.90,125252
2022-09-22,8045.10,138383
2022-09-23,8065.85,149494
2022-09-24,8080.20,133333
2022-09-25,8105.55,120202
2022-09-26,8120.90,146464
2022-09-27,8145.10,131131
2022-09-28,8165.85,148484
2022-09-29,8180.20,127272
2022-09-30,8205.55,141141
2022-10-01,8220.90,135353
2022-10-02,8245.10,150550
2022-10-03,8265.85,129292
2022-10-04,8280.20,144444
2022-10-05,8305.55,137373
2022-10-06,8320.90,116161
2022-10-07,8345.10,143434
2022-10-08,8365.85,128282
2022-10-09,8380.20,149494
2022-10-10,8405.55,133333
2022-10-11,8420.90,119191
2022-10-12,8445.10,140404
2022-10-13,8465.85,127722
2022-10-14,8480.20,148484
2022-10-15,8505.55,131313
2022-10-16,8520.90,152525
2022-10-17,8545.10,124242
2022-10-18,8565.85,138383
2022-10-19,8580.20,145454
2022-10-20,8605.55,129292
2022-10-21,8620.90,140404
2022-10-22,8645.10,133333
2022-10-23,8665.85,117711
2022-10-24,8680.20,142424
2022-10-25,8705.55,125252
2022-10-26,8720.90,138383
2022-10-27,8745.10,149494
2022-10-28,8765.85,133333
2022-10-29,8780.20,120202
2022-10-30,8805.55,146464
2022-10-31,8820.90,131131
2022-11-01,8845.10,148484
2022-11-02,8865.85,127272
2022-11-03,8880.20,141141
2022-11-04,8905.55,135353
2022-11-05,8920.90,150550
2022-11-06,8945.10,129292
2022-11-07,8965.85,144444
2022-11-08,8980.20,137373
2022-11-09,9005.55,116161
2022-11-10,9020.90,143434
2022-11-11,9045.10,128282
2022-11-12,9065.85,149494
2022-11-13,9080.20,133333
2022-11-14,9105.55,119191
2022-11-15,9120.90,140404
2022-11-16,9145.10,127722
2022-11-17,9165.85,148484
2022-11-18,9180.20,131313
2022-11-19,9205.55,152525
2022-11-20,9220.90,124242
2022-11-21,9245.10,138383
2022-11-22,9265.85,145454
2022-11-23,9280.20,129292
2022-11-24,9305.55,140404
2022-11-25,9320.90,133333
2022-11-26,9345.10,117711
2022-11-27,9365.85,142424
2022-11-28,9380.20,125252
2022-11-29,9405.55,138383
2022-11-30,9420.90,149494
2022-12-01,9445.10,133333
2022-12-02,9465.85,120202
2022-12-03,9480.20,146464
2022-12-04,9505.55,131131
2022-12-05,9520.90,148484
2022-12-06,9545.10,127272
2022-12-07,9565.85,141141
2022-12-08,9580.20,135353
2022-12-09,9605.55,150550
2022-12-10,9620.90,129292
2022-12-11,9645.10,144444
2022-12-12,9665.85,137373
2022-12-13,9680.20,116161
2022-12-14,9705.55,143434
2022-12-15,9720.90,128282
2022-12-16,9745.10,149494
2022-12-17,9765.85,133333
2022-12-18,9780.20,119191
2022-12-19,9805.55,140404
2022-12-20,9820.90,127722
2022-12-21,9845.10,148484
2022-12-22,9865.85,131313
2022-12-23,9880.20,152525
2022-12-24,9905.55,124242
2022-12-25,9920.90,138383
2022-12-26,9945.10,145454
2022-12-27,9965.85,129292
2022-12-28,9980.20,140404
2022-12-29,10005.55,133333
2022-12-30,10020.90,117711
2022-12-31,10045.10,142424
2023-01-01,10065.85,125252
2023-01-02,10080.20,138383
2023-01-03,10105.55,149494
2023-01-04,10120.90,133333
2023-01-05,10145.10,120202
2023-01-06,10165.85,146464
2023-01-07,10180.20,131131
2023-01-08,10205.55,148484
2023-01-09,10220.90,127272
2023-01-10,10245.10,141141
2023-01-11,10265.85,135353
2023-01-12,10280.20,150550
2023-01-13,10305.55,129292
2023-01-14,10320.90,144444
2023-01-15,10345.10,137373
2023-01-16,10365.85,116161
2023-01-17,10380.20,143434
2023-01-18,10405.55,128282
2023-01-19,10420.90,149494
2023-01-20,10445.10,133333
2023-01-21,10465.85,119191
2023-01-22,10480.20,140404
2023-01-23,10505.55,127722
2023-01-24,10520.90,148484
2023-01-25,10545.10,131313
2023-01-26,10565.85,152525
2023-01-27,10580.20,124242
2023-01-28,10605.55,138383
2023-01-29,10620.90,145454
2023-01-30,10645.10,129292
2023-01-31,10665.85,140404
2023-02-01,10680.20,133333
2023-02-02,10705.55,117711
2023-02-03,10720.90,142424
2023-02-04,10745.10,125252
2023-02-05,10765.85,138383
2023-02-06,10780.20,149494
2023-02-07,10805.55,133333
2023-02-08,10820.90,120202
2023-02-09,10845.10,146464
2023-02-10,10865.85,131131
2023-02-11,10880.20,148484
2023-02-12,10905.55,127272
2023-02-13,10920.90,141141
2023-02-14,10945.10,135353
2023-02-15,10965.85,150550
2023-02-16,10980.20,129292
2023-02-17,11005.55,144444
2023-02-18,11020.90,137373
2023-02-19,11045.10,116161
2023-02-20,11065.85,143434
2023-02-21,11080.20,128282
2023-02-22,11105.55,149494
2023-02-23,11120.90,133333
2023-02-24,11145.10,119191
2023-02-25,11165.85,140404
2023-02-26,11180.20,127722
2023-02-27,11205.55,148484
2023-02-28,11220.90,131313
2023-03-01,11245.10,152525
2023-03-02,11265.85,124242
2023-03-03,11280.20,138383
2023-03-04,11305.55,145454
2023-03-05,11320.90,129292
2023-03-06,11345.10,140404
2023-03-07,11365.85,133333
2023-03-08,11380.20,117711
2023-03-09,11405.55,142424
2023-03-10,11420.90,125252
2023-03-11,11445.10,138383
2023-03-12,11465.85,149494
2023-03-13,11480.20,133333
2023-03-14,11505.55,120202
2023-03-15,11520.90,146464
2023-03-16,11545.10,131131
2023-03-17,11565.85,148484
2023-03-18,11580.20,127272
2023-03-19,11605.55,141141
2023-03-20,11620.90,135353
2023-03-21,11645.10,150550
2023-03-22,11665.85,129292
2023-03-23,11680.20,144444
2023-03-24,11705.55,137373
2023-03-25,11720.90,116161
2023-03-26,11745.10,143434
2023-03-27,11765.85,128282
2023-03-28,11780.20,149494
2023-03-29,11805.55,133333
2023-03-30,11820.90,119191
2023-03-31,11845.10,140404
2023-04-01,11865.85,127722
2023-04-02,11880.20,148484
2023-04-03,11905.55,131313
2023-04-04,11920.90,152525
2023-04-05,11945.10,124242
2023-04-06,11965.85,138383
2023-04-07,11980.20,145454
2023-04-08,12005.55,129292
2023-04-09,12020.90,140404
2023-04-10,12045.10,133333
2023-04-11,12065.85,117711
2023-04-12,12080.20,142424
2023-04-13,12105.55,125252
2023-04-14,12120.90,138383
2023-04-15,12145.10,149494
2023-04-16,12165.85,133333
2023-04-17,12180.20,120202
2023-04-18,12205.55,146464
2023-04-19,12220.90,131131
2023-04-20,12245.10,148484
2023-04-21,12265.85,127272
2023-04-22,12280.20,141141
2023-04-23,12305.55,135353
2023-04-24,12320.90,150550
2023-04-25,12345.10,129292
2023-04-26,12365.85,144444
2023-04-27,12380.20,137373
2023-04-28,12405.55,116161
2023-04-29,12420.90,143434
2023-04-30,12445.10,128282
2023-05-01,12465.85,149494
2023-05-02,12480.20,133333
2023-05-03,12505.55,119191
2023-05-04,12520.90,140404
2023-05-05,12545.10,127722
2023-05-06,12565.85,148484
2023-05-07,12580.20,131313
2023-05-08,12605.55,152525
2023-05-09,12620.90,124242
2023-05-10,12645.10,138383
2023-05-11,12665.85,145454
2023-05-12,12680.20,129292
2023-05-13,12705.55,140404
2023-05-14,12720.90,133333
2023-05-15,12745.10,117711
2023-05-16,12765.85,142424
2023-05-17,12780.20,125252
2023-05-18,12805.55,138383
2023-05-19,12820.90,149494
2023-05-20,12845.10,133333
2023-05-21,12865.85,120202
2023-05-22,12880.20,146464
2023-05-23,12905.55,131131
2023-05-24,12920.90,148484
2023-05-25,12945.10,127272
2023-05-26,12965.85,141141
2023-05-27,12980.20,135353
2023-05-28,13005.55,150550
2023-05-29,13020.90,129292
2023-05-30,13045.10,144444
2023-05-31,13065.85,137373
2023-06-01,13080.20,116161
2023-06-02,13105.55,143434
2023-06-03,13120.90,128282
2023-06-04,13145.10,149494
2023-06-05,13165.85,133333
2023-06-06,13180.20,119191
2023-06-07,13205.55,140404
2023-06-08,13220.90,127722
2023-06-09,13245.10,148484
2023-06-10,13265.85,131313
2023-06-11,13280.20,152525
2023-06-12,13305.55,124242
2023-06-13,13320.90,138383
2023-06-14,13345.10,145454
2023-06-15,13365.85,129292
2023-06-16,13380.20,140404
2023-06-17,13405.55,133333
2023-06-18,13420.90,117711
2023-06-19,13445.10,142424
2023-06-20,13465.85,125252
2023-06-21,13480.20,138383
2023-06-22,13505.55,149494
2023-06-23,13520.90,133333
2023-06-24,13545.10,120202
2023-06-25,13565.85,146464
2023-06-26,13580.20,131131
2023-06-27,13605.55,148484
2023-06-28,13620.90,127272
2023-06-29,13645.10,141141
2023-06-30,13665.85,135353
2023-07-01,13680.20,150550
2023-07-02,13705.55,129292
2023-07-03,13720.90,144444
2023-07-04,13745.10,137373
2023-07-05,13765.85,116161
2023-07-06,13780.20,143434
2023-07-07,13805.55,128282
2023-07-08,13820.90,149494
2023-07-09,13845.10,133333
2023-07-10,13865.85,119191
2023-07-11,13880.20,140404
2023-07-12,13905.55,127722
2023-07-13,13920.90,148484
2023-07-14,13945.10,131313
2023-07-15,13965.85,152525
2023-07-16,13980.20,124242
2023-07-17,14005.55,138383
2023-07-18,14020.90,145454
2023-07-19,14045.10,129292
2023-07-20,14065.85,140404
2023-07-21,14080.20,133333
2023-07-22,14105.55,117711
2023-07-23,14120.90,142424
2023-07-24,14145.10,125252
2023-07-25,14165.85,138383
2023-07-26,14180.20,149494
2023-07-27,14205.55,133333
2023-07-28,14220.90,120202
2023-07-29,14245.10,146464
2023-07-30,14265.85,131131
2023-07-31,14280.20,148484
2023-08-01,14305.55,127272
2023-08-02,14320.90,141141
2023-08-03,14345.10,135353
2023-08-04,14365.85,150550
2023-08-05,14380.20,129292
2023-08-06,14405.55,144444
2023-08-07,14420.90,137373
2023-08-08,14445.10,116161
2023-08-09,14465.85,143434
2023-08-10,14480.20,128282
2023-08-11,14505.55,149494
2023-08-12,14520.90,133333
2023-08-13,14545.10,119191
2023-08-14,14565.85,140404
2023-08-15,14580.20,127722
2023-08-16,14605.55,148484
2023-08-17,14620.90,131313
2023-08-18,14645.10,152525
2023-08-19,14665.85,124242
2023-08-20,14680.20,138383
2023-08-21,14705.55,145454
2023-08-22,14720.90,129292
2023-08-23,14745.10,140404
2023-08-24,14765.85,133333
2023-08-25,14780.20,117711
2023-08-26,14805.55,142424
2023-08-27,14820.90,125252
2023-08-28,14845.10,138383
2023-08-29,14865.85,149494
2023-08-30,14880.20,133333
2023-08-31,14905.55,120202
2023-09-01,14920.90,146464
2023-09-02,14945.10,131131
2023-09-03,14965.85,148484
2023-09-04,14980.20,127272
2023-09-05,15005.55,141141
2023-09-06,15020.90,135353
2023-09-07,15045.10,150550
2023-09-08,15065.85,129292
2023-09-09,15080.20,144444
2023-09-10,15105.55,137373
2023-09-11,15120.90,116161
2023-09-12,15145.10,143434
2023-09-13,15165.85,128282
2023-09-14,15180.20,149494
2023-09-15,15205.55,133333
2023-09-16,15220.90,119191
2023-09-17,15245.10,140404
2023-09-18,15265.85,127722
2023-09-19,15280.20,148484
2023-09-20,15305.55,131313
2023-09-21,15320.90,152525
2023-09-22,15345.10,124242
2023-09-23,15365.85,138383
2023-09-24,15380.20,145454
2023-09-25,15405.55,129292
2023-09-26,15420.90,140404
2023-09-27,15445.10,133333
2023-09-28,15465.85,117711
2023-09-29,15480.20,142424
2023-09-30,15505.55,125252
2023-10-01,15520.90,138383
2023-10-02,15545.10,149494
2023-10-03,15565.85,133333
2023-10-04,15580.20,120202
2023-10-05,15605.55,146464
2023-10-06,15620.90,131131
2023-10-07,15645.10,148484
2023-10-08,15665.85,127272
2023-10-09,15680.20,141141
2023-10-10,15705.55,135353
2023-10-11,15720.90,150550
2023-10-12,15745.10,129292
2023-10-13,15765.85,144444
2023-10-14,15780.20,137373
2023-10-15,15805.55,116161
2023-10-16,15820.90,143434
2023-10-17,15845.10,128282
2023-10-18,15865.85,149494
2023-10-19,15880.20,133333
2023-10-20,15905.55,119191
2023-10-21,15920.90,140404
2023-10-22,15945.10,127722
2023-10-23,15965.85,148484
2023-10-24,15980.20,131313
2023-10-25,16005.55,152525
2023-10-26,16020.90,124242
2023-10-27,16045.10,138383
2023-10-28,16065.85,145454
2023-10-29,16080.20,129292
2023-10-30,16105.55,140404
2023-10-31,16120.90,133333
2023-11-01,16145.10,117711
2023-11-02,16165.85,142424
2023-11-03,16180.20,125252
2023-11-04,16205.55,138383
2023-11-05,16220.90,149494
2023-11-06,16245.10,133333
2023-11-07,16265.85,120202
2023-11-08,16280.20,146464
2023-11-09,16305.55,131131
2023-11-10,16320.90,148484
2023-11-11,16345.10,127272
2023-11-12,16365.85,141141
2023-11-13,16380.20,135353
2023-11-14,16405.55,150550
2023-11-15,16420.90,129292
2023-11-16,16445.10,144444
2023-11-17,16465.85,137373
2023-11-18,16480.20,116161
2023-11-19,16505.55,143434
2023-11-20,16520.90,128282
2023-11-21,16545.10,149494
2023-11-22,16565.85,133333
2023-11-23,16580.20,119191
2023-11-24,16605.55,140404
2023-11-25,16620.90,127722
2023-11-26,16645.10,148484
2023-11-27,16665.85,131313
2023-11-28,16680.20,152525
2023-11-29,16705.55,124242
2023-11-30,16720.90,138383
2023-12-01,16745.10,145454
2023-12-02,16765.85,129292
2023-12-03,16780.20,140404
2023-12-04,16805.55,133333
2023-12-05,16820.90,117711
2023-12-06,16845.10,142424
2023-12-07,16865.85,125252
2023-12-08,16880.20,138383
2023-12-09,16905.55,149494
2023-12-10,16920.90,133333
2023-12-11,16945.10,120202
2023-12-12,16965.85,146464
2023-12-13,16980.20,131131
2023-12-14,17005.55,148484
2023-12-15,17020.90,127272
2023-12-16,17045.10,141141
2023-12-17,17065.85,135353
2023-12-18,17080.20,150550
2023-12-19,17105.55,129292
2023-12-20,17120.90,144444
2023-12-21,17145.10,137373
2023-12-22,17165.85,116161
2023-12-23,17180.20,143434
2023-12-24,17205.55,128282
2023-12-25,17220.90,149494
2023-12-26,17245.10,133333
2023-12-27,17265.85,119191
2023-12-28,17280.20,140404
2023-12-29,17305.55,127722
2023-12-30,17320.90,148484
2023-12-31,17345.10,131313
2024-01-01,17365.85,152525
2024-01-02,17380.20,124242
2024-01-03,17405.55,138383
2024-01-04,17420.90,145454
2024-01-05,17445.10,129292
2024-01-06,17465.85,140404
2024-01-07,17480.20,133333
2024-01-08,17505.55,117711
2024-01-09,17520.90,142424
2024-01-10,17545.10,125252
2024-01-11,17565.85,138383
2024-01-12,17580.20,149494
2024-01-13,17605.55,133333
2024-01-14,17620.90,120202
2024-01-15,17645.10,146464
2024-01-16,17665.85,131131
2024-01-17,17680.20,148484
2024-01-18,17705.55,127272
2024-01-19,17720.90,141141
2024-01-20,17745.10,135353
2024-01-21,17765.85,150550
2024-01-22,17780.20,129292
2024-01-23,17805.55,144444
2024-01-24,17820.90,137373
2024-01-25,17845.10,116161
2024-01-26,17865.85,143434
2024-01-27,17880.20,128282
2024-01-28,17905.55,149494
2024-01-29,17920.90,133333
2024-01-30,17945.10,119191
2024-01-31,17965.85,140404
2024-02-01,17980.20,127722
2024-02-02,18005.55,148484
2024-02-03,18020.90,131313
2024-02-04,18045.10,152525
2024-02-05,18065.85,124242
2024-02-06,18080.20,138383
2024-02-07,18105.55,145454
2024-02-08,18120.90,129292
2024-02-09,18145.10,140404
2024-02-10,18165.85,133333
2024-02-11,18180.20,117711
2024-02-12,18205.55,142424
2024-02-13,18220.90,125252
2024-02-14,18245.10,138383
2024-02-15,18265.85,149494
2024-02-16,18280.20,133333
2024-02-17,18305.55,120202
2024-02-18,18320.90,146464
2024-02-19,18345.10,131131
2024-02-20,18365.85,148484
2024-02-21,18380.20,127272
2024-02-22,18405.55,141141
2024-02-23,18420.90,135353
2024-02-24,18445.10,150550
2024-02-25,18465.85,129292
2024-02-26,18480.20,144444
2024-02-27,18505.55,137373
2024-02-28,18520.90,116161
2024-02-29,18545.10,143434
2024-03-01,18565.85,128282
2024-03-02,18580.20,149494
2024-03-03,18605.55,133333
2024-03-04,18620.90,119191
2024-03-05,18645.10,140404
2024-03-06,18665.85,127722
2024-03-07,18680.20,148484
2024-03-08,18705.55,131313
2024-03-09,18720.90,152525
2024-03-10,18745.10,124242
2024-03-11,18765.85,138383
2024-03-12,18780.20,145454
2024-03-13,18805.55,129292
2024-03-14,18820.90,140404
2024-03-15,18845.10,133333
2024-03-16,18865.85,117711
2024-03-17,18880.20,142424
2024-03-18,18905.55,125252
2024-03-19,18920.90,138383
2024-03-20,18945.10,149494
2024-03-21,18965.85,133333
2024-03-22,18980.20,120202
2024-03-23,19005.55,146464
2024-03-24,19020.90,131131
2024-03-25,19045.10,148484
2024-03-26,19065.85,127272
2024-03-27,19080.20,141141
2024-03-28,19105.55,135353
2024-03-29,19120.90,150550
2024-03-30,19145.10,129292
2024-03-31,19165.85,144444
2024-04-01,19180.20,137373
2024-04-02,19205.55,116161
2024-04-03,19220.90,143434
2024-04-04,19245.10,128282
2024-04-05,19265.85,149494
2024-04-06,19280.20,133333
2024-04-07,19305.55,119191
2024-04-08,19320.90,140404
2024-04-09,19345.10,127722
2024-04-10,19365.85,148484
2024-04-11,19380.20,131313
2024-04-12,19405.55,152525
2024-04-13,19420.90,124242
2024-04-14,19445.10,138383
2024-04-15,19465.85,145454
2024-04-16,19480.20,129292
2024-04-17,19505.55,140404
2024-04-18,19520.90,133333
2024-04-19,19545.10,117711
2024-04-20,19565.85,142424
2024-04-21,19580.20,125252
2024-04-22,19605.55,138383
2024-04-23,19620.90,149494
2024-04-24,19645.10,133333
2024-04-25,19665.85,120202
2024-04-26,19680.20,146464
2024-04-27,19705.55,131131
2024-04-28,19720.90,148484
2024-04-29,19745.10,127272
2024-04-30,19765.85,141141
2024-05-01,19780.20,135353
2024-05-02,19805.55,150550
2024-05-03,19820.90,129292
2024-05-04,19845.10,144444
2024-05-05,19865.85,137373
2024-05-06,19880.20,116161
2024-05-07,19905.55,143434
2024-05-08,19920.90,128282
2024-05-09,19945.10,149494
2024-05-10,19965.85,133333
2024-05-11,19980.20,119191
2024-05-12,20005.55,140404
2024-05-13,20020.90,127722
2024-05-14,20045.10,148484
2024-05-15,20065.85,131313
2024-05-16,20080.20,152525
2024-05-17,20105.55,124242
2024-05-18,20120.90,138383
2024-05-19,20145.10,145454
2024-05-20,20165.85,129292
2024-05-21,20180.20,140404
2024-05-22,20205.55,133333
2024-05-23,20220.90,117711
2024-05-24,20245.10,142424
2024-05-25,20265.85,125252
2024-05-26,20280.20,138383
2024-05-27,20305.55,149494
2024-05-28,20320.90,133333
2024-05-29,20345.10,120202
2024-05-30,20365.85,146464
2024-05-31,20380.20,131131
2024-06-01,20405.55,148484
2024-06-02,20420.90,127272
2024-06-03,20445.10,141141
2024-06-04,20465.85,135353
2024-06-05,20480.20,150550
2024-06-06,20505.55,129292
2024-06-07,20520.90,144444
2024-06-08,20545.10,137373
2024-06-09,20565.85,116161
2024-06-10,20580.20,143434
2024-06-11,20605.55,128282
2024-06-12,20620.90,149494
2024-06-13,20645.10,133333
2024-06-14,20665.85,119191
2024-06-15,20680.20,140404
2024-06-16,20705.55,127722
2024-06-17,20720.90,148484
2024-06-18,20745.10,131313
2024-06-19,20765.85,152525
2024-06-20,20780.20,124242
2024-06-21,20805.55,138383
2024-06-22,20820.90,145454
2024-06-23,20845.10,129292
2024-06-24,20865.85,140404
2024-06-25,20880.20,133333
2024-06-26,20905.55,117711
2024-06-27,20920.90,142424
2024-06-28,20945.10,125252
2024-06-29,20965.85,138383
2024-06-30,20980.20,149494
2024-07-01,21005.55,133333
2024-07-02,21020.90,120202
2024-07-03,21045.10,146464
2024-07-04,21065.85,131131
2024-07-05,21080.20,148484
2024-07-06,21105.55,127272
2024-07-07,21120.90,141141
2024-07-08,21145.10,135353
2024-07-09,21165.85,150550
2024-07-10,21180.20,129292
2024-07-11,21205.55,144444
2024-07-12,21220.90,137373
2024-07-13,21245.10,116161
2024-07-14,21265.85,143434
2024-07-15,21280.20,128282
2024-07-16,21305.55,149494
2024-07-17,21320.90,133333
2024-07-18,21345.10,119191
2024-07-19,21365.85,140404
2024-07-20,21380.20,127722
2024-07-21,21405.55,148484
2024-07-22,21420.90,131313
2024-07-23,21445.10,152525
2024-07-24,21465.85,124242
2024-07-25,21480.20,138383
2024-07-26,21505.55,145454
2024-07-27,21520.90,129292
2024-07-28,21545.10,140404
2024-07-29,21565.85,133333
2024-07-30,21580.20,117711
2024-07-31,21605.55,142424
2024-08-01,21620.90,125252
2024-08-02,21645.10,138383
2024-08-03,21665.85,149494
2024-08-04,21680.20,133333
2024-08-05,21705.55,120202
2024-08-06,21720.90,146464
2024-08-07,21745.10,131131
2024-08-08,21765.85,148484
2024-08-09,21780.20,127272
2024-08-10,21805.55,141141
2024-08-11,21820.90,135353
2024-08-12,21845.10,150550
2024-08-13,21865.85,129292
2024-08-14,21880.20,144444
2024-08-15,21905.55,137373
2024-08-16,21920.90,116161
2024-08-17,21945.10,143434
2024-08-18,21965.85,128282
2024-08-19,21980.20,149494
2024-08-20,22005.55,133333
2024-08-21,22020.90,119191
2024-08-22,22045.10,140404
2024-08-23,22065.85,127722
2024-08-24,22080.20,148484
2024-08-25,22105.55,131313
2024-08-26,22120.90,152525
2024-08-27,22145.10,124242
2024-08-28,22165.85,138383
2024-08-29,22180.20,145454
2024-08-30,22205.55,129292
2024-08-31,22220.90,140404
2024-09-01,22245.10,133333
2024-09-02,22265.85,117711
2024-09-03,22280.20,142424
2024-09-04,22305.55,125252
2024-09-05,22320.90,138383
2024-09-06,22345.10,149494
2024-09-07,22365.85,133333
2024-09-08,22380.20,120202
2024-09-09,22405.55,146464
2024-09-10,22420.90,131131
2024-09-11,22445.10,148484
2024-09-12,22465.85,127272
2024-09-13,22480.20,141141
2024-09-14,22505.55,135353
2024-09-15,22520.90,150550
2024-09-16,22545.10,129292
2024-09-17,22565.85,144444
2024-09-18,22580.20,137373
2024-09-19,22605.55,116161
2024-09-20,22620.90,143434
2024-09-21,22645.10,128282
2024-09-22,22665.85,149494
2024-09-23,22680.20,133333
2024-09-24,22705.55,119191
2024-09-25,22720.90,140404
2024-09-26,22745.10,127722
2024-09-27,22765.85,148484
2024-09-28,22780.20,131313
2024-09-29,22805.55,152525
2024-09-30,22820.90,124242
2024-10-01,22845.10,138383
2024-10-02,22865.85,145454
2024-10-03,22880.20,129292
2024-10-04,22905.55,140404
2024-10-05,22920.90,133333
2024-10-06,22945.10,117711
2024-10-07,22965.85,142424
2024-10-08,22980.20,125252
2024-10-09,23005.55,138383
2024-10-10,23020.90,149494
2024-10-11,23045.10,133333
2024-10-12,23065.85,120202
2024-10-13,23080.20,146464
2024-10-14,23105.55,131131
2024-10-15,23120.90,148484
2024-10-16,23145.10,127272
2024-10-17,23165.85,141141
2024-10-18,23180.20,135353
2024-10-19,23205.55,150550
2024-10-20,23220.90,129292
2024-10-21,23245.10,144444
2024-10-22,23265.85,137373
2024-10-23,23280.20,116161
2024-10-24,23305.55,143434
2024-10-25,23320.90,128282
2024-10-26,23345.10,149494
2024-10-27,23365.85,133333
2024-10-28,23380.20,119191
2024-10-29,23405.55,140404
2024-10-30,23420.90,127722
2024-10-31,23445.10,148484
2024-11-01,23465.85,131313
2024-11-02,23480.20,152525
2024-11-03,23505.55,124242
2024-11-04,23520.90,138383
2024-11-05,23545.10,145454
2024-11-06,23565.85,129292
2024-11-07,23580.20,140404
2024-11-08,23605.55,133333
2024-11-09,23620.90,117711
2024-11-10,23645.10,142424
2024-11-11,23665.85,125252
2024-11-12,23680.20,138383
2024-11-13,23705.55,149494
2024-11-14,23720.90,133333
2024-11-15,23745.10,120202
2024-11-16,23765.85,146464
2024-11-17,23780.20,131131
2024-11-18,23805.55,148484
2024-11-19,23820.90,127272
2024-11-20,23845.10,141141
2024-11-21,23865.85,135353
2024-11-22,23880.20,150550
2024-11-23,23905.55,129292
2024-11-24,23920.90,144444
2024-11-25,23945.10,137373
2024-11-26,23965.85,116161
2024-11-27,23980.20,143434
2024-11-28,24005.55,128282
2024-11-29,24020.90,149494
2024-11-30,24045.10,133333
2024-12-01,24065.85,119191
2024-12-02,24080.20,140404
2024-12-03,24105.55,127722
2024-12-04,24120.90,148484
2024-12-05,24145.10,131313
2024-12-06,24165.85,152525
2024-12-07,24180.20,124242
2024-12-08,24205.55,138383
2024-12-09,24220.90,145454
2024-12-10,24245.10,129292
2024-12-11,24265.85,140404
2024-12-12,24280.20,133333
2024-12-13,24305.55,117711
2024-12-14,24320.90,142424
2024-12-15,24345.10,125252
2024-12-16,24365.85,138383
2024-12-17,24380.20,149494
2024-12-18,24405.55,133333
2024-12-19,24420.90,120202
2024-12-20,24445.10,146464
2024-12-21,24465.85,131131
2024-12-22,24480.20,148484
2024-12-23,24505.55,127272
2024-12-24,24520.90,141141
2024-12-25,24545.10,135353
2024-12-26,24565.85,150550
2024-12-27,24580.20,129292
2024-12-28,24605.55,144444
2024-12-29,24620.90,137373
2024-12-30,24645.10,116161
2024-12-31,24665.85,143434
2025-01-01,24680.20,128282
2025-01-02,24705.55,149494
2025-01-03,24720.90,133333
2025-01-04,24745.10,119191
2025-01-05,24765.85,140404
2025-01-06,24780.20,127722
2025-01-07,24805.55,148484
2025-01-08,24820.90,131313
2025-01-09,24845.10,152525
2025-01-10,24865.85,124242
2025-01-11,24880.20,138383
2025-01-12,24905.55,145454
2025-01-13,24920.90,129292
2025-01-14,24945.10,140404
2025-01-15,24965.85,133333
2025-01-16,24980.20,117711
2025-01-17,25005.55,142424
2025-01-18,25020.90,125252
2025-01-19,25045.10,138383
2025-01-20,25065.85,149494
2025-01-21,25080.20,133333
2025-01-22,25105.55,120202
2025-01-23,25120.90,146464
2025-01-24,25145.10,131131
2025-01-25,25165.85,148484
2025-01-26,25180.20,127272
2025-01-27,25205.55,141141
2025-01-28,25220.90,135353
2025-01-29,25245.10,150550
2025-01-30,25265.85,129292
2025-01-31,25280.20,144444
2025-02-01,25305.55,137373
2025-02-02,25320.90,116161
2025-02-03,25345.10,143434
2025-02-04,25365.85,128282
2025-02-05,25380.20,149494
2025-02-06,25405.55,133333
2025-02-07,25420.90,119191
2025-02-08,25445.10,140404
2025-02-09,25465.85,127722
2025-02-10,25480.20,148484
2025-02-11,25505.55,131313
2025-02-12,25520.90,152525
2025-02-13,25545.10,124242
2025-02-14,25565.85,138383
2025-02-15,25580.20,145454
2025-02-16,25605.55,129292
2025-02-17,25620.90,140404
2025-02-18,25645.10,133333
2025-02-19,25665.85,117711
2025-02-20,25680.20,142424
2025-02-21,25705.55,125252
2025-02-22,25720.90,138383
2025-02-23,25745.10,149494
2025-02-24,25765.85,133333
2025-02-25,25780.20,120202
2025-02-26,25805.55,146464
2025-02-27,25820.90,131131
2025-02-28,25845.10,148484
2025-03-01,25865.85,127272
2025-03-02,25880.20,141141
2025-03-03,25905.55,135353
2025-03-04,25920.90,150550
2025-03-05,25945.10,129292
2025-03-06,25965.85,144444
2025-03-07,25980.20,137373
2025-03-08,26005.55,116161
2025-03-09,26020.90,143434
2025-03-10,26045.10,128282
2025-03-11,26065.85,149494
2025-03-12,26080.20,133333
2025-03-13,26105.55,119191
2025-03-14,26120.90,140404
2025-03-15,26145.10,127722
2025-03-16,26165.85,148484
2025-03-17,26180.20,131313
2025-03-18,26205.55,152525
2025-03-19,26220.90,124242
2025-03-20,26245.10,138383
2025-03-21,26265.85,145454
2025-03-22,26280.20,129292
2025-03-23,26305.55,140404
2025-03-24,26320.90,133333
2025-03-25,26345.10,117711
2025-03-26,26365.85,142424
2025-03-27,26380.20,125252
2025-03-28,26405.55,138383
2025-03-29,26420.90,149494
2025-03-30,26445.10,133333
2025-03-31,26465.85,120202
2025-04-01,26480.20,146464
2025-04-02,26505.55,131131
2025-04-03,26520.90,148484
2025-04-04,26545.10,127272
2025-04-05,26565.85,141141
2025-04-06,26580.20,135353
2025-04-07,26605.55,150550
2025-04-08,26620.90,129292
2025-04-09,26645.10,144444
2025-04-10,26665.85,137373
2025-04-11,26680.20,116161
2025-04-12,26705.55,143434
2025-04-13,26720.90,128282
2025-04-14,26745.10,149494
2025-04-15,26765.85,133333
2025-04-16,26780.20,119191
2025-04-17,26805.55,140404
2025-04-18,26820.90,127722
2025-04-19,26845.10,148484
2025-04-20,26865.85,131313
2025-04-21,26880.20,152525
2025-04-22,26905.55,124242
2025-04-23,26920.90,138383
2025-04-24,26945.10,145454
2025-04-25,26965.85,129292
2025-04-26,26980.20,140404
2025-04-27,27005.55,133333
2025-04-28,27020.90,117711
2025-04-29,27045.10,142424
2025-04-30,27065.85,125252
2025-05-01,27080.20,138383
2025-05-02,27105.55,149494
2025-05-03,27120.90,133333
2025-05-04,27145.10,120202
2025-05-05,27165.85,146464
2025-05-06,27180.20,131131
2025-05-07,27205.55,148484
2025-05-08,27220.90,127272
2025-05-09,27245.10,141141
2025-05-10,27265.85,135353
2025-05-11,27280.20,150550
2025-05-12,27305.55,129292
2025-05-13,27320.90,144444
2025-05-14,27345.10,137373
2025-05-15,27365.85,116161
2025-05-16,27380.20,143434
2025-05-17,27405.55,128282
2025-05-18,27420.90,149494
2025-05-19,27445.10,133333
2025-05-20,27465.85,119191
2025-05-21,27480.20,140404
2025-05-22,27505.55,127722
2025-05-23,27520.90,148484
2025-05-24,27545.10,131313
2025-05-25,27565.85,152525
2025-05-26,27580.20,124242
2025-05-27,27605.55,138383
2025-05-28,27620.90,145454
2025-05-29,27645.10,129292
2025-05-30,27665.85,140404
2025-05-31,27680.20,133333
2025-06-01,27705.55,117711
2025-06-02,27720.90,142424
2025-06-03,27745.10,125252
2025-06-04,27765.85,138383
2025-06-05,27780.20,149494
2025-06-06,27805.55,133333
2025-06-07,27820.90,120202
2025-06-08,27845.10,146464
2025-06-09,27865.85,131131
2025-06-10,27880.20,148484
2025-06-11,27905.55,127272
2025-06-12,27920.90,141141
2025-06-13,27945.10,135353
2025-06-14,27965.85,150550
2025-06-15,27980.20,129292
2025-06-16,28005.55,144444
2025-06-17,28020.90,137373
2025-06-18,28045.10,116161
2025-06-19,28065.85,143434
2025-06-20,28080.20,128282
2025-06-21,28105.55,149494
2025-06-22,28120.90,133333
2025-06-23,28145.10,119191
2025-06-24,28165.85,140404
2025-06-25,28180.20,127722
2025-06-26,28205.55,148484
2025-06-27,28220.90,131313
2025-06-28,28245.10,152525
2025-06-29,28265.85,124242
2025-06-30,28280.20,138383
2025-07-01,28305.55,145454
2025-07-02,28320.90,129292
2025-07-03,28345.10,140404
2025-07-04,28365.85,133333
2025-07-05,28380.20,117711
2025-07-06,28405.55,142424
2025-07-07,28420.90,125252
2025-07-08,28445.10,138383
2025-07-09,28465.85,149494
2025-07-10,28480.20,133333
2025-07-11,28505.55,120202
2025-07-12,28520.90,146464
2025-07-13,28545.10,131131
2025-07-14,28565.85,148484
2025-07-15,28580.20,127272
2025-07-16,28605.55,141141
2025-07-17,28620.90,135353
2025-07-18,28645.10,150550
2025-07-19,28665.85,129292
2025-07-20,28680.20,144444
2025-07-21,28705.55,137373
2025-07-22,28720.90,116161
2025-07-23,28745.10,143434
2025-07-24,28765.85,128282
2025-07-25,28780.20,149494
2025-07-26,28805.55,133333
2025-07-27,28820.90,119191
2025-07-28,28845.10,140404
2025-07-29,28865.85,127722
2025-07-30,28880.20,148484
2025-07-31,28905.55,131313
2025-08-01,28920.90,152525
2025-08-02,28945.10,124242
2025-08-03,28965.85,138383
2025-08-04,28980.20,145454
2025-08-05,29005.55,129292
2025-08-06,29020.90,140404
2025-08-07,29045.10,133333
2025-08-08,29065.85,117711
2025-08-09,29080.20,142424
2025-08-10,29105.55,125252
2025-08-11,29120.90,138383
2025-08-12,29145.10,149494
2025-08-13,29165.85,133333
2025-08-14,29180.20,120202
2025-08-15,29205.55,146464
2025-08-16,29220.90,131131
2025-08-17,29245.10,148484
2025-08-18,29265.85,127272
2025-08-19,29280.20,141141
2025-08-20,29305.55,135353
2025-08-21,29320.90,150550
2025-08-22,29345.10,129292
2025-08-23,29365.85,144444
2025-08-24,29380.20,137373
2025-08-25,29405.55,116161
2025-08-26,29420.90,143434
2025-08-27,29445.10,128282
2025-08-28,29465.85,149494
2025-08-29,29480.20,133333
2025-08-30,29505.55,119191
2025-08-31,29520.90,140404
2025-09-01,29545.10,127722
2025-09-02,29565.85,148484
2025-09-03,29580.20,131313
2025-09-04,29605.55,152525
2025-09-05,29620.90,124242
2025-09-06,29645.10,138383
2025-09-07,29665.85,145454
2025-09-08,29680.20,129292
2025-09-09,29705.55,140404
2025-09-10,29720.90,133333
2025-09-11,29745.10,117711
2025-09-12,29765.85,142424
2025-09-13,29780.20,125252
2025-09-14,29805.55,138383
2025-09-15,29820.90,149494
2025-09-16,29845.10,133333
2025-09-17,29865.85,120202
2025-09-18,29880.20,146464
2025-09-19,29905.55,131131
2025-09-20,29920.90,148484
2025-09-21,29945.10,127272
2025-09-22,29965.85,141141
2025-09-23,29980.20,135353
2025-09-24,30005.55,150550
2025-09-25,30020.90,129292
2025-09-26,30045.10,144444
2025-09-27,30065.85,137373
2025-09-28,30080.20,116161
2025-09-29,30105.55,143434
2025-09-30,30120.90,128282
2025-10-01,30145.10,149494
2025-10-02,30165.85,133333
2025-10-03,30180.20,119191
2025-10-04,30205.55,140404
2025-10-05,30220.90,127722
2025-10-06,30245.10,148484
2025-10-07,30265.85,131313
2025-10-08,30280.20,152525
2025-10-09,30305.55,124242
2025-10-10,30320.90,138383
2025-10-11,30345.10,145454
2025-10-12,30365.85,129292
2025-10-13,30380.20,140404
2025-10-14,30405.55,133333
2025-10-15,30420.90,117711
2025-10-16,30445.10,142424
2025-10-17,30465.85,125252
2025-10-18,30480.20,138383
2025-10-19,30505.55,149494
2025-10-20,30520.90,133333
2025-10-21,30545.10,120202
2025-10-22,30565.85,146464
2025-10-23,30580.20,131131
2025-10-24,30605.55,148484
2025-10-25,30620.90,127272
2025-10-26,30645.10,141141
2025-10-27,30665.85,135353
2025-10-28,30680.20,150550
2025-10-29,30705.55,129292
2025-10-30,30720.90,144444
2025-10-31,30745.10,137373
2025-11-01,30765.85,116161
2025-11-02,30780.20,143434
2025-11-03,30805.55,128282
2025-11-04,30820.90,149494
2025-11-05,30845.10,133333
2025-11-06,30865.85,119191
2025-11-07,30880.20,140404
2025-11-08,30905.55,127722
2025-11-09,30920.90,148484
2025-11-10,30945.10,131313
2025-11-11,30965.85,152525
2025-11-12,30980.20,124242
2025-11-13,31005.55,138383
2025-11-14,31020.90,145454
2025-11-15,31045.10,129292
2025-11-16,31065.85,140404
2025-11-17,31080.20,133333
